,Survived,Pclass,Name,Sex,Age,SibSp,Parch,Fare,Embarked
0,0,3,0.047418630751964064,0,-0.09164205567067216,1,0,-0.048707370121739306,2
1,1,1,0.10991863075196406,1,0.10941348592269302,1,0,0.07627730769869333,0
2,1,3,-0.14008136924803594,1,-0.04137817027233085,0,0,-0.047389857865947516,2
3,1,1,0.10991863075196406,1,0.07171557187393705,1,0,0.04078586977167298,2
4,0,3,0.047418630751964064,0,0.07171557187393705,0,0,-0.04714587411487497,2
5,0,3,0.047418630751964064,0,-0.05217711827044771,0,0,-0.04634892559037158,1
6,0,1,0.047418630751964064,0,0.3104690275160582,0,0,0.0383704306360547,2
7,0,3,-0.20258136924803594,0,-0.34296148266237864,3,1,-0.02172276725311499,2
8,1,3,0.10991863075196406,1,-0.028812198922745526,0,2,-0.041127673317418956,2
9,1,2,0.10991863075196406,1,-0.19216982646735473,1,0,-0.004164135029927246,0
10,1,3,-0.14008136924803594,1,-0.31782953996320795,1,1,-0.03026219854065433,2
11,1,1,-0.14008136924803594,1,0.36073291291439946,0,0,-0.011036278956137185,2
12,0,3,0.047418630751964064,0,-0.1167739983698428,0,0,-0.04714587411487497,2
13,0,3,0.047418630751964064,0,0.12197945727227834,1,5,-0.001813693165594703,2
14,0,3,-0.14008136924803594,1,-0.19216982646735473,0,0,-0.047528050262555015,2
15,1,2,0.10991863075196406,1,0.3230349988656435,0,0,-0.03162850754666063,2
16,0,3,-0.20258136924803594,0,-0.34296148266237864,4,1,-0.006010213684042604,1
17,1,2,0.047418630751964064,0,0.007348017938318415,0,0,-0.03748411757240189,2
18,0,3,0.10991863075196406,1,0.021451686475595765,1,0,-0.02772476752949978,2
19,1,3,0.10991863075196406,1,-0.05217711827044771,0,0,-0.04875616687195381,0
20,0,2,0.047418630751964064,0,0.07171557187393705,0,0,-0.01210980746085642,2
21,1,2,0.047418630751964064,0,0.05914960052435173,0,0,-0.03748411757240189,2
22,1,3,-0.14008136924803594,1,-0.1796038551177694,0,0,-0.04718647301105344,1
23,1,1,0.047418630751964064,0,-0.016246227573160205,0,0,0.006432957620657576,2
24,0,3,-0.14008136924803594,1,-0.2675656545648667,3,1,-0.02172276725311499,2
25,1,3,0.10991863075196406,1,0.10941348592269302,1,5,-0.0015941077896294044,2
26,0,3,0.047418630751964064,0,-0.05217711827044771,0,0,-0.04875616687195381,0
27,0,1,0.047418630751964064,0,-0.12933996971942813,3,2,0.45048338457270326,2
28,1,3,-0.14008136924803594,1,-0.05217711827044771,0,0,-0.0474792535123405,1
29,0,3,0.047418630751964064,0,-0.05217711827044771,0,0,-0.047446852470198066,2
30,0,1,-0.5150813692480359,0,0.13454542862186367,0,0,-0.00875102955009123,0
31,1,1,0.10991863075196406,1,0.11234689708397795,1,0,0.22313112746926275,0
32,1,3,-0.14008136924803594,1,-0.05217711827044771,0,0,-0.047731435117449095,1
33,0,2,0.047418630751964064,0,0.46126068371108214,0,0,-0.042363792593852936,2
34,0,1,0.047418630751964064,0,-0.016246227573160205,1,0,0.09752829241711267,0
35,0,1,0.047418630751964064,0,0.15967737132103432,1,0,0.03863881276223451,2
36,1,3,0.047418630751964064,0,-0.05217711827044771,0,0,-0.04874796901791778,0
37,0,3,0.047418630751964064,0,-0.10420802702025747,0,0,-0.04714587411487497,2
38,0,3,-0.14008136924803594,1,-0.14190594106901344,2,0,-0.02772476752949978,2
39,1,3,-0.14008136924803594,1,-0.19216982646735473,1,0,-0.04091609060848884,0
40,0,3,0.10991863075196406,1,0.13454542862186367,1,0,-0.044364459352647864,2
41,0,2,0.10991863075196406,1,-0.028812198922745526,1,0,-0.02186915750375852,2
42,0,3,0.047418630751964064,0,-0.05217711827044771,0,0,-0.047446852470198066,0
43,1,2,-0.14008136924803594,1,-0.33039551131279327,1,2,0.01829876577681967,0
44,1,3,-0.14008136924803594,1,-0.12933996971942813,0,0,-0.0474792535123405,1
45,0,3,0.047418630751964064,0,-0.05217711827044771,0,0,-0.04714587411487497,2
46,0,3,0.047418630751964064,0,-0.05217711827044771,1,0,-0.03260444255095083,1
47,1,3,-0.14008136924803594,1,-0.05217711827044771,0,0,-0.047731435117449095,1
48,0,3,0.047418630751964064,0,-0.05217711827044771,2,0,-0.020543447393930696,0
49,0,3,0.10991863075196406,1,-0.14190594106901344,1,0,-0.028115141531215866,2
50,0,3,-0.20258136924803594,0,-0.280131625914452,4,1,0.014606413281588087,2
51,0,3,0.047418630751964064,0,-0.10420802702025747,0,0,-0.04763384161702007,2
52,1,1,0.10991863075196406,1,0.24763917076813158,1,0,0.08690699657842146,0
53,1,2,0.10991863075196406,1,-0.003680256223574882,1,0,-0.01210980746085642,2
54,0,1,0.047418630751964064,0,0.4486947123614968,0,1,0.05811691395186024,0
55,1,1,0.047418630751964064,0,0.11234689708397795,0,0,0.006432957620657576,2
56,1,2,-0.14008136924803594,1,-0.10420802702025747,0,0,-0.042363792593852936,2
57,0,3,0.047418630751964064,0,-0.009963241898367545,0,0,-0.04874796901791778,0
58,1,2,-0.14008136924803594,1,-0.30526356861362264,1,2,-0.008694034945840683,2
59,0,3,-0.20258136924803594,0,-0.2298677405161107,5,2,0.02868427571847437,2
60,0,3,0.047418630751964064,0,-0.09164205567067216,0,0,-0.04874796901791778,0
61,1,1,-0.14008136924803594,1,0.10941348592269302,0,0,0.0932911730024863,2
62,0,1,0.047418630751964064,0,0.1973752853697903,1,0,0.10007392128230323,2
63,0,3,-0.20258136924803594,0,-0.31782953996320795,3,2,-0.008401254444553622,2
64,0,1,0.047418630751964064,0,0.11234689708397795,0,0,-0.00875102955009123,0
65,1,3,-0.20258136924803594,0,-0.05217711827044771,1,1,-0.03310060790713198,0
66,1,2,0.10991863075196406,1,-0.003680256223574882,0,0,-0.042363792593852936,2
67,0,3,0.047418630751964064,0,-0.12933996971942813,0,0,-0.046934486592945704,2
68,1,3,-0.14008136924803594,1,-0.15447191241859876,4,2,-0.047389857865947516,2
69,0,3,0.047418630751964064,0,-0.04137817027233085,2,0,-0.045950353734619455,2
70,0,2,0.047418630751964064,0,0.03401765782518109,0,0,-0.042363792593852936,2
71,0,3,-0.14008136924803594,1,-0.1670378837681841,5,2,0.02868427571847437,2
72,0,2,0.047418630751964064,0,-0.10420802702025747,0,0,0.08060401794671355,2
73,0,3,0.047418630751964064,0,-0.04137817027233085,1,0,-0.03464570820592424,0
74,1,3,0.047418630751964064,0,0.03401765782518109,0,0,0.047414029946810377,2
75,0,3,0.047418630751964064,0,-0.05394414162191617,0,0,-0.04792662211830714,2
76,0,3,0.047418630751964064,0,-0.05217711827044771,0,0,-0.047446852470198066,2
77,0,3,0.047418630751964064,0,-0.05217711827044771,0,0,-0.04714587411487497,2
78,1,2,-0.20258136924803594,0,-0.35766366914139347,0,2,-0.006254197435115157,2
79,1,3,-0.14008136924803594,1,0.00888571512601044,0,0,-0.038508849326906604,2
80,0,3,0.047418630751964064,0,-0.09164205567067216,0,0,-0.04529159760672357,2
81,1,3,0.047418630751964064,0,-0.003680256223574882,0,0,-0.04431566260243336,2
82,1,3,-0.14008136924803594,1,-0.05217711827044771,0,0,-0.04765823999212732,1
83,0,1,0.047418630751964064,0,-0.016246227573160205,0,0,0.029074649720190457,2
84,1,2,-0.14008136924803594,1,-0.15447191241859876,0,0,-0.042363792593852936,2
85,1,3,0.10991863075196406,1,0.04658362917476641,3,0,-0.03192128804794769,2
86,0,3,0.047418630751964064,0,-0.1670378837681841,1,3,0.004237103861004603,2
87,0,3,0.047418630751964064,0,-0.05217711827044771,0,0,-0.04714587411487497,2
88,1,1,-0.14008136924803594,1,-0.07907608432108683,3,2,0.45048338457270326,2
89,0,3,0.047418630751964064,0,-0.0665101129715015,0,0,-0.04714587411487497,2
90,0,3,0.047418630751964064,0,-0.003680256223574882,0,0,-0.04714587411487497,2
91,0,3,0.047418630751964064,0,-0.1167739983698428,0,0,-0.047528050262555015,2
92,0,1,0.047418630751964064,0,0.2099412567193756,1,0,0.05654722009095987,2
93,0,3,0.047418630751964064,0,-0.04137817027233085,1,2,-0.022698702257405202,2
94,0,3,0.047418630751964064,0,0.37329888426398483,0,0,-0.048707370121739306,2
95,0,3,0.047418630751964064,0,-0.05217711827044771,0,0,-0.04714587411487497,2
96,0,1,0.047418630751964064,0,0.5240905404590088,0,0,0.004782065967400263,0
97,1,1,0.047418630751964064,0,-0.07907608432108683,0,1,0.060808737880693506,0
98,1,2,0.10991863075196406,1,0.05914960052435173,0,1,-0.01796541748659768,2
99,0,2,0.047418630751964064,0,0.05914960052435173,1,0,-0.01210980746085642,2
100,0,3,-0.14008136924803594,1,-0.016246227573160205,0,0,-0.047446852470198066,2
101,0,3,0.047418630751964064,0,-0.05217711827044771,0,0,-0.047446852470198066,2
102,0,1,0.047418630751964064,0,-0.10420802702025747,0,1,0.08799672560421189,2
103,0,3,0.047418630751964064,0,0.04658362917476641,0,0,-0.04596655425569068,2
104,0,3,0.047418630751964064,0,0.0968475145731077,2,0,-0.047389857865947516,2
105,0,3,0.047418630751964064,0,-0.016246227573160205,0,0,-0.047446852470198066,2
106,1,3,-0.14008136924803594,1,-0.10420802702025747,0,0,-0.04792662211830714,2
107,1,3,0.047418630751964064,0,-0.05217711827044771,0,0,-0.04768263836723458,2
108,0,3,0.047418630751964064,0,0.10941348592269302,0,0,-0.047446852470198066,2
109,1,3,-0.14008136924803594,1,-0.05217711827044771,1,0,-0.0157207669767302,1
110,0,1,0.047418630751964064,0,0.22250722806896092,0,0,0.03863881276223451,2
111,0,3,-0.14008136924803594,1,-0.18588684079256207,1,0,-0.03464570820592424,0
112,0,3,0.047418630751964064,0,-0.09164205567067216,0,0,-0.04714587411487497,2
113,0,3,-0.14008136924803594,1,-0.1167739983698428,1,0,-0.04368130484964472,2
114,0,3,-0.14008136924803594,1,-0.15447191241859876,0,0,-0.034637705538889056,0
115,0,3,0.047418630751964064,0,-0.10420802702025747,0,0,-0.047389857865947516,2
116,0,3,0.047418630751964064,0,0.5178075547842161,0,0,-0.047731435117449095,1
117,0,2,0.047418630751964064,0,-0.003680256223574882,1,0,-0.02186915750375852,2
118,0,1,0.047418630751964064,0,-0.0665101129715015,0,1,0.42026999833588524,0
119,0,3,-0.14008136924803594,1,-0.34296148266237864,4,2,-0.001813693165594703,2
120,0,2,0.047418630751964064,0,-0.10420802702025747,2,0,0.08060401794671355,2
121,0,3,0.047418630751964064,0,-0.05217711827044771,0,0,-0.04714587411487497,2
122,0,2,0.047418630751964064,0,0.04030064349997375,1,0,-0.004164135029927246,0
123,1,2,-0.14008136924803594,1,0.04030064349997375,0,0,-0.03748411757240189,2
124,0,1,0.047418630751964064,0,0.3104690275160582,0,1,0.08799672560421189,2
125,1,3,-0.20258136924803594,0,-0.21730176916652538,1,0,-0.04091609060848884,0
126,0,3,0.047418630751964064,0,-0.05217711827044771,0,0,-0.047731435117449095,1
127,1,3,0.047418630751964064,0,-0.0665101129715015,0,0,-0.04891875764366856,2
128,1,3,-0.14008136924803594,1,-0.05217711827044771,1,1,-0.019217932471103736,0
129,0,3,0.047418630751964064,0,0.1973752853697903,0,0,-0.049244134374098913,2
130,0,3,0.047418630751964064,0,0.04658362917476641,0,0,-0.047446852470198066,0
131,0,3,0.047418630751964064,0,-0.1167739983698428,0,0,-0.049097744123455384,2
132,0,3,0.10991863075196406,1,0.22250722806896092,1,0,-0.03455631255953125,2
133,1,2,0.10991863075196406,1,-0.003680256223574882,1,0,-0.01210980746085642,2
134,0,2,0.047418630751964064,0,-0.05394414162191617,0,0,-0.03748411757240189,2
135,0,2,0.047418630751964064,0,-0.07907608432108683,0,0,-0.03349098190884806,0
136,1,1,-0.14008136924803594,1,-0.12933996971942813,0,2,-0.011556842687425585,2
137,0,1,0.047418630751964064,0,0.0968475145731077,1,0,0.04078586977167298,2
138,0,3,0.047418630751964064,0,-0.1670378837681841,0,0,-0.04486862737586419,2
139,0,1,0.047418630751964064,0,-0.0665101129715015,0,0,0.09172967699562196,0
140,0,3,0.10991863075196406,1,-0.05217711827044771,0,2,-0.03310060790713198,0
141,1,3,-0.14008136924803594,1,-0.09164205567067216,0,0,-0.047731435117449095,2
142,1,3,0.10991863075196406,1,-0.0665101129715015,1,0,-0.03192128804794769,2
143,0,3,0.047418630751964064,0,-0.12933996971942813,0,0,-0.04968330512602951,1
144,0,2,0.047418630751964064,0,-0.14190594106901344,0,0,-0.040411922585272514,2
145,0,2,0.047418630751964064,0,-0.12933996971942813,1,1,0.008872795131383102,2
146,1,3,0.047418630751964064,0,-0.028812198922745526,0,0,-0.04764203947105611,2
147,0,3,-0.14008136924803594,1,-0.2549996832152813,2,2,0.004237103861004603,2
148,0,2,0.047418630751964064,0,0.09056452889831504,0,2,-0.01210980746085642,2
149,0,2,0.23491863075196406,0,0.15967737132103432,0,0,-0.03748411757240189,2
150,0,2,0.23491863075196406,0,0.2727711134673022,0,0,-0.038411255826477586,2
151,1,1,0.10991863075196406,1,-0.09164205567067216,1,0,0.06713611488750865,2
152,0,3,0.047418630751964064,0,0.3293179845404362,0,0,-0.04714587411487497,2
153,0,3,0.047418630751964064,0,0.14082841429665632,0,2,-0.03455631255953125,2
154,0,3,0.047418630751964064,0,-0.05217711827044771,0,0,-0.04858537824620303,2
155,0,1,0.047418630751964064,0,0.2727711134673022,0,1,0.05694579194671199,0
156,1,3,-0.14008136924803594,1,-0.1670378837681841,0,0,-0.047764031346592385,1
157,0,3,0.047418630751964064,0,0.00888571512601044,0,0,-0.04714587411487497,2
158,0,3,0.047418630751964064,0,-0.05217711827044771,0,0,-0.045950353734619455,2
159,0,3,-0.20258136924803594,0,-0.05217711827044771,8,2,0.07289413141282089,2
160,0,3,0.047418630751964064,0,0.18480931402020495,0,1,-0.03143332054580258,2
161,1,2,0.10991863075196406,1,0.13454542862186367,0,0,-0.03211647504880573,2
162,0,3,0.047418630751964064,0,-0.04137817027233085,0,0,-0.04768263836723458,2
163,0,3,0.047418630751964064,0,-0.15447191241859876,0,0,-0.045950353734619455,2
164,0,3,-0.20258136924803594,0,-0.35552745401196395,4,1,0.014606413281588087,2
165,1,3,-0.20258136924803594,0,-0.2549996832152813,0,2,-0.022796295757834224,2
166,1,1,0.10991863075196406,1,0.11234689708397795,0,1,0.044494422787975774,2
167,0,3,0.10991863075196406,1,0.1973752853697903,1,4,-0.008401254444553622,2
168,0,1,0.047418630751964064,0,0.11234689708397795,0,0,-0.01225619771149995,2
169,0,3,0.047418630751964064,0,-0.016246227573160205,0,0,0.047414029946810377,2
170,0,1,0.047418630751964064,0,0.39843082696315546,0,0,0.0025292176034967355,2
171,0,3,-0.20258136924803594,0,-0.31782953996320795,4,1,-0.006010213684042604,1
172,1,3,-0.14008136924803594,1,-0.35552745401196395,1,1,-0.041127673317418956,2
173,0,3,0.047418630751964064,0,-0.10420802702025747,0,0,-0.047389857865947516,2
174,0,1,0.047418630751964064,0,0.33560097021522883,0,0,-0.002944216274564483,0
175,0,3,0.047418630751964064,0,-0.14190594106901344,1,1,-0.047528050262555015,2
176,0,3,-0.20258136924803594,0,-0.05217711827044771,3,1,-0.013150739736432358,2
177,0,1,-0.14008136924803594,1,0.2602051421177169,0,0,-0.00681536006258203,0
178,0,2,0.047418630751964064,0,0.00888571512601044,0,0,-0.03748411757240189,2
179,0,3,0.047418630751964064,0,0.08428154322352237,0,0,-0.06285842768394735,2
180,0,3,-0.14008136924803594,1,-0.05217711827044771,8,2,0.07289413141282089,2
181,0,2,0.047418630751964064,0,0.007348017938318415,0,0,-0.033482784054812025,0
182,0,3,-0.20258136924803594,0,-0.2549996832152813,4,2,-0.0015941077896294044,2
183,1,2,-0.20258136924803594,0,-0.35552745401196395,2,1,0.013264502650689049,2
184,1,3,-0.14008136924803594,1,-0.31782953996320795,0,2,-0.019868490744963593,2
185,0,1,0.047418630751964064,0,0.11234689708397795,0,0,0.034735072745073675,2
186,1,3,0.10991863075196406,1,-0.05217711827044771,1,0,-0.03260444255095083,1
187,1,1,0.047418630751964064,0,0.1973752853697903,0,0,-0.011036278956137185,2
188,0,3,0.047418630751964064,0,0.13454542862186367,1,1,-0.03260444255095083,1
189,0,3,0.047418630751964064,0,0.08428154322352237,0,0,-0.047446852470198066,2
190,1,2,0.10991863075196406,1,0.03401765782518109,0,0,-0.03748411757240189,2
191,0,2,0.047418630751964064,0,-0.12933996971942813,0,0,-0.03748411757240189,2
192,1,3,-0.14008136924803594,1,-0.12933996971942813,1,0,-0.047528050262555015,2
193,1,2,-0.20258136924803594,0,-0.33039551131279327,1,1,-0.01210980746085642,2
194,1,1,0.10991863075196406,1,0.18480931402020495,0,0,-0.00875102955009123,0
195,1,1,-0.14008136924803594,1,0.36073291291439946,0,0,0.22313112746926275,0
196,0,3,0.047418630751964064,0,-0.05217711827044771,0,0,-0.047731435117449095,1
197,0,3,0.047418630751964064,0,0.15967737132103432,0,1,-0.046454521757835786,2
198,1,3,-0.14008136924803594,1,-0.05217711827044771,0,0,-0.047731435117449095,1
199,0,2,-0.14008136924803594,1,-0.0665101129715015,0,0,-0.03748411757240189,2
200,0,3,0.047418630751964064,0,-0.016246227573160205,0,0,-0.04431566260243336,2
201,0,3,0.047418630751964064,0,-0.05217711827044771,8,2,0.07289413141282089,2
202,0,3,0.047418630751964064,0,0.05914960052435173,0,0,-0.05017947048221066,2
203,0,3,0.047418630751964064,0,0.20365827104458295,0,0,-0.04875616687195381,0
204,1,3,0.047418630751964064,0,-0.14190594106901344,0,0,-0.04714587411487497,2
205,0,3,-0.14008136924803594,1,-0.34296148266237864,0,1,-0.0424369877191747,2
206,0,3,0.047418630751964064,0,0.03401765782518109,1,0,-0.03192128804794769,2
207,1,3,0.047418630751964064,0,-0.04137817027233085,0,0,-0.0261876698977427,0
208,1,3,-0.14008136924803594,1,-0.1670378837681841,0,0,-0.047731435117449095,1
209,1,1,0.047418630751964064,0,0.13454542862186367,0,0,-0.002350457417954316,0
210,0,3,0.047418630751964064,0,-0.0665101129715015,0,0,-0.049097744123455384,2
211,1,2,-0.14008136924803594,1,0.07171557187393705,0,0,-0.02186915750375852,2
212,0,3,0.047418630751964064,0,-0.09164205567067216,0,0,-0.048707370121739306,2
213,0,2,0.047418630751964064,0,0.00888571512601044,0,0,-0.03748411757240189,2
214,0,3,0.047418630751964064,0,-0.05217711827044771,1,0,-0.047731435117449095,1
215,1,1,-0.14008136924803594,1,0.021451686475595765,1,0,0.1582396475379998,0
216,1,3,-0.14008136924803594,1,-0.028812198922745526,0,0,-0.047389857865947516,2
217,0,2,0.047418630751964064,0,0.15967737132103432,1,0,-0.010157937452275998,2
218,1,1,-0.14008136924803594,1,0.03401765782518109,0,0,0.08605305344966753,0
219,0,2,0.047418630751964064,0,0.00888571512601044,0,0,-0.042363792593852936,2
220,1,3,0.047418630751964064,0,-0.1670378837681841,0,0,-0.04714587411487497,2
221,0,2,0.047418630751964064,0,-0.028812198922745526,0,0,-0.03748411757240189,2
222,0,3,0.047418630751964064,0,0.2727711134673022,0,0,-0.04714587411487497,2
223,0,3,0.047418630751964064,0,-0.05217711827044771,0,0,-0.047446852470198066,2
224,1,1,0.047418630751964064,0,0.10941348592269302,1,0,0.11280987308829049,2
225,0,3,0.047418630751964064,0,-0.09164205567067216,0,0,-0.04460844310372042,2
226,1,2,0.047418630751964064,0,-0.12933996971942813,0,0,-0.042363792593852936,2
227,0,3,0.047418630751964064,0,-0.11049101269505014,0,0,-0.048707370121739306,2
228,0,2,0.047418630751964064,0,-0.14190594106901344,0,0,-0.03748411757240189,2
229,0,3,-0.14008136924803594,1,-0.05217711827044771,3,1,-0.013150739736432358,2
230,1,1,0.10991863075196406,1,0.07171557187393705,1,0,0.10007392128230323,2
231,0,3,0.047418630751964064,0,-0.003680256223574882,0,0,-0.04768263836723458,2
232,0,2,0.047418630751964064,0,0.37329888426398483,0,0,-0.036508182568111676,2
233,1,3,-0.14008136924803594,1,-0.30526356861362264,4,2,-0.0015941077896294044,2
234,0,2,0.047418630751964064,0,-0.0665101129715015,0,0,-0.042363792593852936,2
235,0,3,-0.14008136924803594,1,-0.05217711827044771,0,0,-0.04812180911916517,2
236,0,2,0.047418630751964064,0,0.18480931402020495,1,0,-0.01210980746085642,2
237,1,2,-0.14008136924803594,1,-0.2675656545648667,0,2,-0.011621839958711314,2
238,0,2,0.047418630751964064,0,-0.12933996971942813,0,0,-0.042363792593852936,2
239,0,2,0.047418630751964064,0,0.04658362917476641,0,0,-0.038899223328622695,2
240,0,3,-0.14008136924803594,1,-0.05217711827044771,1,0,-0.03464570820592424,0
241,1,3,-0.14008136924803594,1,-0.05217711827044771,1,0,-0.03260444255095083,1
242,0,2,0.047418630751964064,0,-0.003680256223574882,0,0,-0.042363792593852936,2
243,0,3,0.047418630751964064,0,-0.09164205567067216,0,0,-0.048951353872811854,2
244,0,3,0.047418630751964064,0,0.00888571512601044,0,0,-0.04875616687195381,0
245,0,1,-0.45258136924803594,0,0.18480931402020495,2,0,0.11280987308829049,1
246,0,3,-0.14008136924803594,1,-0.05394414162191617,0,0,-0.04768263836723458,2
247,1,2,0.10991863075196406,1,-0.0665101129715015,0,2,-0.03455631255953125,2
248,1,1,0.047418630751964064,0,0.0968475145731077,1,1,0.03972053912098979,2
249,0,2,0.23491863075196406,0,0.3104690275160582,1,0,-0.01210980746085642,2
250,0,3,0.047418630751964064,0,-0.05217711827044771,0,0,-0.048707370121739306,2
251,0,3,0.10991863075196406,1,-0.003680256223574882,1,1,-0.0424369877191747,2
252,0,1,0.047418630751964064,0,0.41099679831274083,0,0,-0.011036278956137185,2
253,0,3,0.047418630751964064,0,0.00888571512601044,1,0,-0.03143332054580258,2
254,0,3,0.10991863075196406,1,0.14711139997144898,0,2,-0.023406255135515606,2
255,1,3,0.10991863075196406,1,-0.003680256223574882,0,2,-0.03310060790713198,0
256,1,1,0.10991863075196406,1,0.11234689708397795,0,0,0.09172967699562196,0
257,1,1,-0.14008136924803594,1,0.00888571512601044,0,0,0.10597832805825902,2
258,1,1,-0.14008136924803594,1,0.07171557187393705,0,0,0.9371415723160527,0
259,1,2,0.10991863075196406,1,0.2602051421177169,0,1,-0.01210980746085642,2
260,0,3,0.047418630751964064,0,-0.05217711827044771,0,0,-0.047731435117449095,1
261,1,3,-0.20258136924803594,0,-0.33039551131279327,4,2,-0.0015941077896294044,2
262,0,1,0.047418630751964064,0,0.2853370848168875,1,1,0.09260801849948315,2
263,0,1,0.047418630751964064,0,0.13454542862186367,0,0,-0.06285842768394735,2
264,0,3,-0.14008136924803594,1,-0.05217711827044771,0,0,-0.047731435117449095,1
265,0,2,0.047418630751964064,0,0.08428154322352237,0,0,-0.042363792593852936,2
266,0,3,0.047418630751964064,0,-0.1670378837681841,4,1,0.014606413281588087,2
267,1,3,0.047418630751964064,0,-0.05394414162191617,1,0,-0.04768263836723458,2
268,1,1,0.10991863075196406,1,0.36073291291439946,0,1,0.23668042350782545,2
269,1,1,-0.14008136924803594,1,0.07171557187393705,0,0,0.2018801427508434,2
270,0,1,0.047418630751964064,0,0.11234689708397795,0,0,-0.002350457417954316,2
271,1,3,0.047418630751964064,0,-0.05394414162191617,0,0,-0.06285842768394735,2
272,1,2,0.10991863075196406,1,0.14711139997144898,0,1,-0.02479696251662915,2
273,0,1,0.047418630751964064,0,0.0968475145731077,0,1,-0.004887888429108864,0
274,1,3,-0.14008136924803594,1,-0.05217711827044771,0,0,-0.047731435117449095,1
275,1,1,-0.14008136924803594,1,0.42356276966232614,1,0,0.08930604000596763,2
276,0,3,-0.14008136924803594,1,0.1973752853697903,0,0,-0.047731435117449095,2
277,0,2,0.047418630751964064,0,0.007348017938318415,0,0,-0.06285842768394735,2
278,0,3,-0.20258136924803594,0,-0.280131625914452,4,1,-0.006010213684042604,1
279,1,3,0.10991863075196406,1,0.07171557187393705,1,1,-0.023333060010193835,2
280,0,3,0.047418630751964064,0,0.4486947123614968,0,0,-0.047731435117449095,1
281,0,3,0.047418630751964064,0,-0.016246227573160205,0,0,-0.047528050262555015,2
282,0,3,0.047418630751964064,0,-0.1670378837681841,0,0,-0.04431566260243336,2
283,1,3,0.047418630751964064,0,-0.12933996971942813,0,0,-0.04714587411487497,2
284,0,1,0.047418630751964064,0,0.11234689708397795,0,0,-0.01210980746085642,2
285,0,3,0.047418630751964064,0,0.04658362917476641,0,0,-0.045950353734619455,0
286,1,3,0.047418630751964064,0,0.00888571512601044,0,0,-0.04431566260243336,2
287,0,3,0.047418630751964064,0,-0.09164205567067216,0,0,-0.047446852470198066,2
288,1,2,0.047418630751964064,0,0.15967737132103432,0,0,-0.03748411757240189,2
289,1,3,-0.14008136924803594,1,-0.09164205567067216,0,0,-0.047731435117449095,1
290,1,1,-0.14008136924803594,1,-0.04137817027233085,0,0,0.0910465224926188,2
291,1,1,0.10991863075196406,1,-0.12933996971942813,1,0,0.11491633120155048,0
292,0,2,0.047418630751964064,0,0.08428154322352237,0,0,-0.037728101323474435,0
293,0,3,-0.14008136924803594,1,-0.0665101129715015,0,0,-0.04558437810801063,2
294,0,3,0.047418630751964064,0,-0.0665101129715015,0,0,-0.047446852470198066,2
295,0,1,0.047418630751964064,0,0.11234689708397795,0,0,-0.00875102955009123,0
296,0,3,0.047418630751964064,0,-0.07279309864629417,0,0,-0.04874796901791778,0
297,0,1,-0.14008136924803594,1,-0.34296148266237864,1,2,0.23294747211641542,2
298,1,1,0.047418630751964064,0,0.11234689708397795,0,0,-0.0033263924222445263,2
299,1,1,0.10991863075196406,1,0.2602051421177169,0,1,0.42026999833588524,0
300,1,3,-0.14008136924803594,1,-0.05217711827044771,0,0,-0.047731435117449095,1
301,1,3,0.047418630751964064,0,-0.05217711827044771,2,0,-0.017477449984452574,1
302,0,3,0.047418630751964064,0,-0.12933996971942813,0,0,-0.06285842768394735,2
303,1,2,-0.14008136924803594,1,0.007348017938318415,0,0,-0.03875283307797916,1
304,0,3,0.047418630751964064,0,-0.05217711827044771,0,0,-0.04714587411487497,2
305,1,1,-0.20258136924803594,0,-0.3565327317199307,1,2,0.23294747211641542,2
306,1,1,-0.14008136924803594,1,0.11234689708397795,0,0,0.153571360038478,0
307,1,1,0.10991863075196406,1,-0.15447191241859876,1,0,0.14970021625046045,0
308,0,2,0.047418630751964064,0,0.00888571512601044,1,0,-0.01601354747801726,0
309,1,1,-0.14008136924803594,1,0.00888571512601044,0,0,0.048259970408529126,0
310,1,1,-0.14008136924803594,1,-0.0665101129715015,0,0,0.09945576405058583,0
311,1,1,-0.14008136924803594,1,-0.14190594106901344,2,2,0.4492634658173405,0
312,0,2,0.10991863075196406,1,-0.04137817027233085,1,1,-0.01210980746085642,2
313,0,3,0.047418630751964064,0,-0.016246227573160205,0,0,-0.047446852470198066,2
314,0,2,0.047418630751964064,0,0.17224334267061964,1,1,-0.011621839958711314,2
315,1,3,-0.14008136924803594,1,-0.04137817027233085,0,0,-0.047528050262555015,2
316,1,2,0.10991863075196406,1,-0.0665101129715015,1,0,-0.01210980746085642,2
317,0,2,-0.45258136924803594,0,0.3104690275160582,0,0,-0.035532247563821465,2
318,1,1,-0.14008136924803594,1,0.021451686475595765,0,2,0.2589399394596783,2
319,1,1,0.10991863075196406,1,0.13454542862186367,1,1,0.19966808847011921,0
320,0,3,0.047418630751964064,0,-0.09164205567067216,0,0,-0.048707370121739306,2
321,0,3,0.047418630751964064,0,-0.028812198922745526,0,0,-0.047446852470198066,2
322,1,2,-0.14008136924803594,1,0.00888571512601044,0,0,-0.03875283307797916,1
323,1,2,0.10991863075196406,1,-0.09164205567067216,1,1,-0.006254197435115157,2
324,0,3,0.047418630751964064,0,-0.05217711827044771,8,2,0.07289413141282089,2
325,1,1,-0.14008136924803594,1,0.08428154322352237,0,0,0.2018801427508434,0
326,0,3,0.047418630751964064,0,0.39843082696315546,0,0,-0.050683638505426974,2
327,1,2,0.10991863075196406,1,0.08428154322352237,0,0,-0.03748411757240189,2
328,1,3,0.10991863075196406,1,0.021451686475595765,1,1,-0.022796295757834224,2
329,1,1,-0.14008136924803594,1,-0.1670378837681841,0,1,0.05030943391753856,0
330,1,3,-0.14008136924803594,1,-0.05217711827044771,2,0,-0.017477449984452574,1
331,0,1,0.047418630751964064,0,0.20365827104458295,0,0,-0.007230132439405367,2
332,0,1,0.047418630751964064,0,0.10941348592269302,0,1,0.23668042350782545,2
333,0,3,0.047418630751964064,0,-0.1670378837681841,2,0,-0.02772476752949978,2
334,1,1,0.10991863075196406,1,0.11234689708397795,1,0,0.19800899896282587,2
335,0,3,0.047418630751964064,0,-0.05217711827044771,0,0,-0.047446852470198066,2
336,0,1,0.047418630751964064,0,-0.003680256223574882,1,0,0.06713611488750865,2
337,1,1,-0.14008136924803594,1,0.14711139997144898,0,0,0.19966808847011921,0
338,1,3,0.047418630751964064,0,0.1973752853697903,0,0,-0.04714587411487497,2
339,0,1,0.047418630751964064,0,0.1973752853697903,0,0,0.006432957620657576,2
340,1,2,-0.20258136924803594,0,-0.34296148266237864,1,1,-0.01210980746085642,2
341,1,1,-0.14008136924803594,1,-0.0665101129715015,3,2,0.45048338457270326,2
342,0,2,0.047418630751964064,0,-0.016246227573160205,0,0,-0.03748411757240189,2
343,0,2,0.047418630751964064,0,-0.05394414162191617,0,0,-0.03748411757240189,2
344,0,2,0.047418630751964064,0,0.08428154322352237,0,0,-0.03748411757240189,2
345,1,2,-0.14008136924803594,1,-0.0665101129715015,0,0,-0.03748411757240189,2
346,1,2,-0.14008136924803594,1,0.13454542862186367,0,0,-0.03748411757240189,2
347,1,3,0.10991863075196406,1,-0.05217711827044771,1,0,-0.03143332054580258,2
348,1,3,-0.20258136924803594,0,-0.33039551131279327,1,1,-0.03182369454751867,2
349,0,3,0.047418630751964064,0,0.15967737132103432,0,0,-0.045950353734619455,2
350,0,3,0.047418630751964064,0,-0.07907608432108683,0,0,-0.044852426854792966,2
351,0,1,0.047418630751964064,0,0.11234689708397795,0,0,0.005457022616367366,2
352,0,3,0.047418630751964064,0,-0.1796038551177694,1,1,-0.04874796901791778,0
353,0,3,0.047418630751964064,0,-0.05394414162191617,1,0,-0.028115141531215866,2
354,0,3,0.047418630751964064,0,-0.05217711827044771,0,0,-0.04875616687195381,0
355,0,3,0.047418630751964064,0,-0.016246227573160205,0,0,-0.04431566260243336,2
356,1,1,-0.14008136924803594,1,-0.09164205567067216,0,1,0.044494422787975774,2
357,0,2,-0.14008136924803594,1,0.10941348592269302,0,0,-0.03748411757240189,2
358,1,3,-0.14008136924803594,1,-0.05217711827044771,0,0,-0.0474792535123405,1
359,1,3,-0.14008136924803594,1,-0.05217711827044771,0,0,-0.0474792535123405,1
360,0,3,0.047418630751964064,0,0.13454542862186367,1,4,-0.008401254444553622,2
361,0,2,0.047418630751964064,0,-0.003680256223574882,1,0,-0.00875102955009123,0
362,0,3,0.10991863075196406,1,0.1973752853697903,0,1,-0.03464570820592424,0
363,0,3,0.047418630751964064,0,0.07171557187393705,0,0,-0.049097744123455384,2
364,0,3,0.047418630751964064,0,-0.05217711827044771,1,0,-0.03260444255095083,1
365,0,3,0.047418630751964064,0,0.00888571512601044,0,0,-0.048707370121739306,2
366,1,1,0.10991863075196406,1,0.38586485561357015,1,0,0.08401979046172929,0
367,1,3,0.10991863075196406,1,-0.05217711827044771,0,0,-0.04874796901791778,0
368,1,3,-0.14008136924803594,1,-0.05217711827044771,0,0,-0.047731435117449095,1
369,1,1,-0.015081369248035936,1,-0.0665101129715015,0,0,0.07240616391067578,0
370,1,1,0.047418630751964064,0,-0.05394414162191617,1,0,0.045356563770765745,0
371,0,3,0.047418630751964064,0,-0.14190594106901344,1,0,-0.05017947048221066,2
372,0,3,0.047418630751964064,0,-0.12933996971942813,0,0,-0.04714587411487497,2
373,0,1,0.047418630751964064,0,-0.09164205567067216,0,0,0.2018801427508434,0
374,0,3,-0.14008136924803594,1,-0.33039551131279327,3,1,-0.02172276725311499,2
375,1,1,0.10991863075196406,1,0.11234689708397795,1,0,0.09752829241711267,0
376,1,3,-0.14008136924803594,1,-0.09164205567067216,0,0,-0.048707370121739306,2
377,0,1,0.047418630751964064,0,-0.028812198922745526,0,2,0.3499620791308116,0
378,0,3,0.047418630751964064,0,-0.1167739983698428,0,0,-0.055026549274518416,0
379,0,3,0.047418630751964064,0,-0.12933996971942813,0,0,-0.04768263836723458,2
380,1,1,-0.14008136924803594,1,0.15967737132103432,0,0,0.38124079601831284,0
381,1,3,-0.14008136924803594,1,-0.35552745401196395,0,2,-0.032132675569876944,0
382,0,3,0.047418630751964064,0,0.03401765782518109,0,0,-0.047389857865947516,2
383,1,1,0.10991863075196406,1,0.07171557187393705,1,0,0.03863881276223451,2
384,0,3,0.047418630751964064,0,-0.05217711827044771,0,0,-0.047446852470198066,2
385,0,2,0.047418630751964064,0,-0.14190594106901344,0,0,0.08060401794671355,2
386,0,3,-0.20258136924803594,0,-0.35552745401196395,5,2,0.02868427571847437,2
387,1,2,-0.14008136924803594,1,0.08428154322352237,0,0,-0.03748411757240189,2
388,0,3,0.047418630751964064,0,-0.05217711827044771,0,0,-0.04777203401362757,1
389,1,2,-0.14008136924803594,1,-0.15447191241859876,0,0,-0.0394359875809823,0
390,1,1,0.047418630751964064,0,0.08428154322352237,1,2,0.1713659733457031,2
391,1,3,0.047418630751964064,0,-0.10420802702025747,0,0,-0.04764203947105611,2
392,0,3,0.047418630751964064,0,-0.016246227573160205,2,0,-0.047389857865947516,2
393,1,1,-0.14008136924803594,1,-0.07907608432108683,1,0,0.1582396475379998,0
394,1,3,0.10991863075196406,1,-0.0665101129715015,0,2,-0.03026219854065433,2
395,0,3,0.047418630751964064,0,-0.09164205567067216,0,0,-0.04764203947105611,2
396,0,3,-0.14008136924803594,1,0.021451686475595765,0,0,-0.047528050262555015,2
397,0,2,0.047418630751964064,0,0.2099412567193756,0,0,-0.01210980746085642,2
398,0,2,-0.45258136924803594,0,-0.07907608432108683,0,0,-0.042363792593852936,2
399,1,2,0.10991863075196406,1,-0.016246227573160205,0,0,-0.03816727207540503,2
400,1,3,0.047418630751964064,0,0.12197945727227834,0,0,-0.047389857865947516,2
401,0,3,0.047418630751964064,0,-0.04137817027233085,0,0,-0.04714587411487497,2
402,0,3,-0.14008136924803594,1,-0.10420802702025747,1,0,-0.04368130484964472,2
403,0,3,0.047418630751964064,0,-0.016246227573160205,1,0,-0.03192128804794769,2
404,0,3,-0.14008136924803594,1,-0.1167739983698428,0,0,-0.045950353734619455,2
405,0,2,0.047418630751964064,0,0.05914960052435173,1,0,-0.02186915750375852,2
406,0,3,0.047418630751964064,0,0.2727711134673022,0,0,-0.047731435117449095,2
407,1,2,-0.20258136924803594,0,-0.33039551131279327,1,1,-0.02626086502306447,2
408,0,3,0.047418630751964064,0,-0.10420802702025747,0,0,-0.04768263836723458,2
409,0,3,-0.14008136924803594,1,-0.05217711827044771,3,1,-0.013150739736432358,2
410,0,3,0.047418630751964064,0,-0.05217711827044771,0,0,-0.047446852470198066,2
411,0,3,0.047418630751964064,0,-0.05217711827044771,0,0,-0.04947191760410025,1
412,1,1,-0.14008136924803594,1,0.04658362917476641,1,0,0.11280987308829049,1
413,0,2,0.047418630751964064,0,0.007348017938318415,0,0,-0.06285842768394735,2
414,1,3,0.047418630751964064,0,0.18480931402020495,0,0,-0.047389857865947516,2
415,0,3,0.10991863075196406,1,-0.05217711827044771,0,0,-0.04714587411487497,2
416,1,2,0.10991863075196406,1,0.05914960052435173,1,1,0.0005773475949163149,2
417,1,2,-0.14008136924803594,1,-0.14190594106901344,0,2,-0.03748411757240189,2
418,0,2,0.047418630751964064,0,0.00888571512601044,0,0,-0.03748411757240189,2
419,0,3,-0.14008136924803594,1,-0.24243371186569604,0,2,-0.0157207669767302,2
420,0,3,0.047418630751964064,0,-0.05217711827044771,0,0,-0.047446852470198066,0
421,0,3,0.047418630751964064,0,-0.10420802702025747,0,0,-0.047764031346592385,1
422,0,3,0.047418630751964064,0,-0.003680256223574882,0,0,-0.04748745136637654,2
423,0,3,0.10991863075196406,1,-0.016246227573160205,1,1,-0.034751499560389296,2
424,0,3,0.047418630751964064,0,-0.14190594106901344,1,1,-0.023406255135515606,2
425,0,3,0.047418630751964064,0,-0.05217711827044771,0,0,-0.048707370121739306,2
426,1,2,0.10991863075196406,1,-0.016246227573160205,1,0,-0.01210980746085642,2
427,1,2,-0.14008136924803594,1,-0.12933996971942813,0,0,-0.01210980746085642,2
428,0,3,0.047418630751964064,0,-0.05217711827044771,0,0,-0.047731435117449095,1
429,1,3,0.047418630751964064,0,0.03401765782518109,0,0,-0.04714587411487497,2
430,1,1,0.047418630751964064,0,-0.016246227573160205,0,0,-0.011036278956137185,2
431,1,3,0.10991863075196406,1,-0.05217711827044771,1,0,-0.03143332054580258,2
432,1,2,0.10991863075196406,1,0.15967737132103432,1,0,-0.01210980746085642,2
433,0,3,0.047418630751964064,0,-0.15447191241859876,0,0,-0.048951353872811854,2
434,0,1,0.047418630751964064,0,0.2602051421177169,1,0,0.046251105795698154,2
435,1,1,-0.14008136924803594,1,-0.19216982646735473,1,2,0.1713659733457031,2
436,0,3,-0.14008136924803594,1,-0.10420802702025747,2,2,0.004237103861004603,2
437,1,2,0.10991863075196406,1,-0.0665101129715015,2,3,-0.02626086502306447,2
438,0,1,0.047418630751964064,0,0.43612874101191146,1,4,0.45048338457270326,2
439,0,2,0.047418630751964064,0,0.021451686475595765,0,0,-0.042363792593852936,2
440,1,2,0.10991863075196406,1,0.1973752853697903,1,1,-0.011621839958711314,2
441,0,3,0.047418630751964064,0,-0.1167739983698428,0,0,-0.04431566260243336,2
442,0,3,0.047418630751964064,0,-0.05394414162191617,1,0,-0.04768263836723458,2
443,1,2,0.17241863075196406,1,-0.016246227573160205,0,0,-0.03748411757240189,2
444,1,3,0.047418630751964064,0,-0.05217711827044771,0,0,-0.04702388223933869,2
445,1,1,-0.20258136924803594,0,-0.31782953996320795,0,2,0.09691833303943129,2
446,1,2,-0.14008136924803594,1,-0.20473579781694007,0,1,-0.02479696251662915,2
447,1,1,0.047418630751964064,0,0.05914960052435173,0,0,-0.011036278956137185,2
448,1,3,-0.14008136924803594,1,-0.30526356861362264,2,1,-0.025268729497703042,0
449,1,1,-0.26508136924803594,0,0.2853370848168875,0,0,-0.0033263924222445263,2
450,0,2,0.047418630751964064,0,0.08428154322352237,1,2,-0.008694034945840683,2
451,0,3,0.047418630751964064,0,-0.05217711827044771,1,0,-0.02388602478362467,2
452,0,1,0.047418630751964064,0,0.00888571512601044,0,0,-0.008694034945840683,0
453,1,1,0.047418630751964064,0,0.24763917076813158,1,0,0.11106138793460417,0
454,0,3,0.047418630751964064,0,-0.05217711827044771,0,0,-0.04714587411487497,2
455,1,3,0.047418630751964064,0,-0.003680256223574882,0,0,-0.047446852470198066,0
456,0,1,0.047418630751964064,0,0.4486947123614968,0,0,-0.011036278956137185,2
457,1,1,0.10991863075196406,1,0.11234689708397795,1,0,0.0383704306360547,2
458,1,2,-0.14008136924803594,1,0.2602051421177169,0,0,-0.042363792593852936,2
459,0,3,0.047418630751964064,0,-0.05217711827044771,0,0,-0.047731435117449095,1
460,1,1,0.047418630751964064,0,0.23507319941854626,0,0,-0.011036278956137185,2
461,0,3,0.047418630751964064,0,0.05914960052435173,0,0,-0.04714587411487497,2
462,0,1,0.047418630751964064,0,0.22250722806896092,0,0,0.012288567646398837,2
463,0,2,0.047418630751964064,0,0.23507319941854626,0,0,-0.03748411757240189,2
464,0,3,0.047418630751964064,0,-0.05217711827044771,0,0,-0.04714587411487497,2
465,0,3,0.047418630751964064,0,0.10941348592269302,0,0,-0.049097744123455384,2
466,0,2,0.047418630751964064,0,0.007348017938318415,0,0,-0.06285842768394735,2
467,0,1,0.047418630751964064,0,0.33560097021522883,0,0,-0.011036278956137185,2
468,0,3,0.047418630751964064,0,-0.05217711827044771,0,0,-0.0477802318676636,1
469,1,3,-0.14008136924803594,1,-0.3586689468493603,2,1,-0.025268729497703042,0
470,0,3,0.047418630751964064,0,-0.05217711827044771,0,0,-0.048707370121739306,2
471,0,3,0.047418630751964064,0,0.10941348592269302,0,0,-0.045950353734619455,2
472,1,2,0.10991863075196406,1,0.04658362917476641,1,2,-0.008694034945840683,2
473,1,2,0.10991863075196406,1,-0.07907608432108683,0,0,-0.03593882208660877,0
474,0,3,-0.14008136924803594,1,-0.09164205567067216,0,0,-0.04365690647453747,2
475,0,1,0.047418630751964064,0,0.11234689708397795,0,0,0.03863881276223451,2
476,0,2,0.047418630751964064,0,0.05914960052435173,1,0,-0.02186915750375852,2
477,0,3,0.047418630751964064,0,-0.003680256223574882,1,0,-0.04910594197749143,2
478,0,3,0.047418630751964064,0,-0.09164205567067216,0,0,-0.04817880372341572,2
479,1,3,-0.14008136924803594,1,-0.34296148266237864,0,1,-0.03887482495351543,2
480,0,3,-0.20258136924803594,0,-0.2549996832152813,5,2,0.02868427571847437,2
481,0,2,0.047418630751964064,0,0.007348017938318415,0,0,-0.06285842768394735,2
482,0,3,0.047418630751964064,0,0.2602051421177169,0,0,-0.04714587411487497,2
483,1,3,0.10991863075196406,1,0.42356276966232614,0,0,-0.04414487397668257,2
484,1,1,0.047418630751964064,0,-0.05394414162191617,1,0,0.11491633120155048,0
485,0,3,-0.14008136924803594,1,-0.05217711827044771,3,1,-0.013150739736432358,2
486,1,1,0.10991863075196406,1,0.07171557187393705,1,0,0.11280987308829049,2
487,0,1,0.047418630751964064,0,0.36073291291439946,0,0,-0.004887888429108864,0
488,0,3,0.047418630751964064,0,0.00888571512601044,0,0,-0.04714587411487497,2
489,1,3,-0.20258136924803594,0,-0.2549996832152813,1,1,-0.03182369454751867,2
490,0,3,0.047418630751964064,0,-0.05217711827044771,1,0,-0.02388602478362467,2
491,0,3,0.047418630751964064,0,-0.10420802702025747,0,0,-0.048707370121739306,2
492,0,1,0.047418630751964064,0,0.3230349988656435,0,0,-0.0033263924222445263,2
493,0,1,0.047418630751964064,0,0.5240905404590088,0,0,0.033767335594819495,0
494,0,3,0.047418630751964064,0,-0.10420802702025747,0,0,-0.04714587411487497,2
495,0,3,0.047418630751964064,0,-0.05217711827044771,0,0,-0.034637705538889056,0
496,1,1,-0.14008136924803594,1,0.3104690275160582,1,0,0.08990799671661384,0
497,0,3,0.047418630751964064,0,-0.05217711827044771,0,0,-0.033385190554383,2
498,0,1,0.10991863075196406,1,-0.05394414162191617,1,2,0.23294747211641542,2
499,0,3,0.047418630751964064,0,-0.0665101129715015,0,0,-0.04764203947105611,2
500,0,3,0.047418630751964064,0,-0.15447191241859876,0,0,-0.045950353734619455,2
501,0,3,-0.14008136924803594,1,-0.10420802702025747,0,0,-0.047731435117449095,1
502,0,3,-0.14008136924803594,1,-0.05217711827044771,0,0,-0.047967221014485605,1
503,0,3,-0.14008136924803594,1,0.0968475145731077,0,0,-0.04414487397668257,2
504,1,1,-0.14008136924803594,1,-0.1670378837681841,0,0,0.10597832805825902,2
505,0,1,0.047418630751964064,0,-0.14190594106901344,1,0,0.14970021625046045,0
506,1,2,0.10991863075196406,1,0.04658362917476641,0,2,-0.01210980746085642,2
507,1,1,0.047418630751964064,0,0.11234689708397795,0,0,-0.011036278956137185,2
508,0,3,0.047418630751964064,0,-0.016246227573160205,0,0,-0.018892555740673382,2
509,1,3,0.047418630751964064,0,-0.04137817027233085,0,0,0.047414029946810377,2
510,1,3,0.047418630751964064,0,-0.003680256223574882,0,0,-0.047731435117449095,1
511,0,3,0.047418630751964064,0,-0.05217711827044771,0,0,-0.04714587411487497,2
512,1,1,0.047418630751964064,0,0.08428154322352237,0,0,-0.011548644833389545,2
513,1,1,0.10991863075196406,1,0.3104690275160582,1,0,0.053082650825729626,0
514,0,3,0.047418630751964064,0,-0.0665101129715015,0,0,-0.048227600473630235,2
515,0,1,0.047418630751964064,0,0.22250722806896092,0,0,0.003545751503965421,2
516,1,2,0.10991863075196406,1,0.05914960052435173,0,0,-0.042363792593852936,2
517,0,3,0.047418630751964064,0,-0.05217711827044771,0,0,-0.0157207669767302,1
518,1,2,0.10991863075196406,1,0.08428154322352237,1,0,-0.01210980746085642,2
519,0,3,0.047418630751964064,0,0.03401765782518109,0,0,-0.047446852470198066,2
520,1,1,-0.14008136924803594,1,0.00888571512601044,0,0,0.11964141811832196,2
521,0,3,0.047418630751964064,0,-0.09164205567067216,0,0,-0.047446852470198066,2
522,0,3,0.047418630751964064,0,-0.05217711827044771,0,0,-0.04875616687195381,0
523,1,1,0.10991863075196406,1,0.18480931402020495,0,1,0.05030943391753856,0
524,0,3,0.047418630751964064,0,-0.05217711827044771,0,0,-0.04874796901791778,0
525,0,3,0.047418630751964064,0,0.14082841429665632,0,0,-0.047731435117449095,1
526,1,2,-0.14008136924803594,1,0.2602051421177169,0,0,-0.042363792593852936,2
527,0,1,0.047418630751964064,0,0.11234689708397795,0,0,0.37002574132301147,2
528,0,3,0.047418630751964064,0,0.12197945727227834,0,0,-0.047389857865947516,2
529,0,2,0.047418630751964064,0,-0.07907608432108683,2,1,-0.040411922585272514,2
530,1,2,-0.14008136924803594,1,-0.34296148266237864,1,1,-0.01210980746085642,2
531,0,3,0.047418630751964064,0,-0.05217711827044771,0,0,-0.04874796901791778,0
532,0,3,0.047418630751964064,0,-0.15447191241859876,1,1,-0.04874796901791778,0
533,1,3,0.10991863075196406,1,-0.05217711827044771,0,2,-0.019217932471103736,0
534,0,3,-0.14008136924803594,1,0.00888571512601044,0,0,-0.045950353734619455,2
535,1,2,-0.14008136924803594,1,-0.280131625914452,0,2,-0.011621839958711314,2
536,0,1,-0.26508136924803594,0,0.1973752853697903,0,0,-0.011036278956137185,2
537,1,1,-0.14008136924803594,1,0.00888571512601044,0,0,0.14486933797922388,0
538,0,3,0.047418630751964064,0,-0.05217711827044771,0,0,-0.03455631255953125,2
539,1,1,-0.14008136924803594,1,-0.09164205567067216,0,2,0.033759137740783464,0
540,1,1,-0.14008136924803594,1,0.08428154322352237,0,2,0.0757243429252625,2
541,0,3,-0.14008136924803594,1,-0.2549996832152813,4,2,-0.001813693165594703,2
542,0,3,-0.14008136924803594,1,-0.2298677405161107,4,2,-0.001813693165594703,2
543,1,2,0.047418630751964064,0,0.03401765782518109,1,0,-0.01210980746085642,2
544,0,1,0.047418630751964064,0,0.2602051421177169,1,0,0.14486933797922388,0
545,0,1,0.047418630751964064,0,0.43612874101191146,0,0,-0.01210980746085642,2
546,1,2,0.10991863075196406,1,-0.12933996971942813,1,0,-0.01210980746085642,2
547,1,2,0.047418630751964064,0,0.007348017938318415,0,0,-0.03580062969000127,0
548,0,3,0.047418630751964064,0,0.04658362917476641,1,1,-0.022796295757834224,2
549,1,2,-0.20258136924803594,0,-0.2675656545648667,1,1,0.008872795131383102,2
550,1,1,0.047418630751964064,0,-0.15447191241859876,0,2,0.153571360038478,0
551,0,2,0.047418630751964064,0,-0.028812198922745526,0,0,-0.01210980746085642,2
552,0,3,0.047418630751964064,0,-0.05217711827044771,0,0,-0.04757684701276952,1
553,1,3,0.047418630751964064,0,-0.09164205567067216,0,0,-0.04875616687195381,0
554,1,3,-0.14008136924803594,1,-0.09164205567067216,0,0,-0.04768263836723458,2
555,0,1,0.047418630751964064,0,0.41099679831274083,0,0,-0.011036278956137185,2
556,1,1,-0.32758136924803594,1,0.23507319941854626,1,0,0.014435624655837304,0
557,0,1,0.047418630751964064,0,0.11234689708397795,0,0,0.38124079601831284,0
558,1,1,0.10991863075196406,1,0.12197945727227834,1,1,0.09260801849948315,2
559,1,3,0.10991863075196406,1,0.08428154322352237,1,0,-0.02889588953464804,2
560,0,3,0.047418630751964064,0,-0.05217711827044771,0,0,-0.047731435117449095,1
561,0,3,0.047418630751964064,0,0.13454542862186367,0,0,-0.047446852470198066,2
562,0,2,0.047418630751964064,0,-0.016246227573160205,0,0,-0.036508182568111676,2
563,0,3,0.047418630751964064,0,-0.05217711827044771,0,0,-0.04714587411487497,2
564,0,3,-0.14008136924803594,1,-0.05217711827044771,0,0,-0.04714587411487497,2
565,0,3,0.047418630751964064,0,-0.0665101129715015,2,0,-0.0157207669767302,2
566,0,3,0.047418630751964064,0,-0.12933996971942813,0,0,-0.047446852470198066,2
567,0,3,0.10991863075196406,1,-0.003680256223574882,0,4,-0.02172276725311499,2
568,0,3,0.047418630751964064,0,-0.05217711827044771,0,0,-0.04874796901791778,0
569,1,3,0.047418630751964064,0,0.03401765782518109,0,0,-0.047528050262555015,2
570,1,2,0.047418630751964064,0,0.41099679831274083,0,0,-0.042363792593852936,2
571,1,1,0.10991863075196406,1,0.2979030561664729,2,0,0.03762227886176583,2
572,1,1,0.047418630751964064,0,0.08428154322352237,0,0,-0.011353457832531506,2
573,1,3,-0.14008136924803594,1,-0.05217711827044771,0,0,-0.047731435117449095,1
574,0,3,0.047418630751964064,0,-0.1670378837681841,0,0,-0.04714587411487497,2
575,0,3,0.047418630751964064,0,-0.12933996971942813,0,0,-0.03455631255953125,2
576,1,2,-0.14008136924803594,1,0.05914960052435173,0,0,-0.03748411757240189,2
577,1,1,0.10991863075196406,1,0.12197945727227834,1,0,0.046251105795698154,2
578,0,3,0.10991863075196406,1,-0.05217711827044771,1,0,-0.034637705538889056,0
579,1,3,0.047418630751964064,0,0.03401765782518109,0,0,-0.047389857865947516,2
580,1,2,-0.14008136924803594,1,-0.05394414162191617,1,1,-0.004302327426534736,2
581,1,1,0.10991863075196406,1,0.12197945727227834,1,1,0.153571360038478,0
582,0,2,0.047418630751964064,0,0.3104690275160582,0,0,-0.01210980746085642,2
583,0,1,0.047418630751964064,0,0.08428154322352237,0,0,0.01546035641034202,0
584,0,3,0.047418630751964064,0,-0.05217711827044771,0,0,-0.04585276023419044,0
585,1,1,-0.14008136924803594,1,-0.14190594106901344,0,2,0.09260801849948315,2
586,0,2,0.047418630751964064,0,0.22250722806896092,0,0,-0.03358037755524104,2
587,1,1,0.047418630751964064,0,0.38586485561357015,1,1,0.09172967699562196,0
588,0,3,0.047418630751964064,0,-0.09164205567067216,0,0,-0.04714587411487497,2
589,0,3,0.047418630751964064,0,-0.05217711827044771,0,0,-0.04714587411487497,2
590,0,3,0.047418630751964064,0,0.07171557187393705,0,0,-0.048951353872811854,2
591,1,1,0.10991863075196406,1,0.2853370848168875,1,0,0.08990799671661384,0
592,0,3,0.047418630751964064,0,0.22250722806896092,0,0,-0.048707370121739306,2
593,0,3,-0.14008136924803594,1,-0.05217711827044771,0,2,-0.047731435117449095,1
594,0,2,0.047418630751964064,0,0.0968475145731077,1,0,-0.01210980746085642,2
595,0,3,0.047418630751964064,0,0.08428154322352237,1,1,-0.0157207669767302,2
596,1,2,-0.14008136924803594,1,0.007348017938318415,0,0,0.0015532825992065251,2
597,0,3,0.047418630751964064,0,0.24763917076813158,0,0,-0.06285842768394735,2
598,0,3,0.047418630751964064,0,-0.05217711827044771,0,0,-0.04875616687195381,0
599,1,1,0.29741863075196406,0,0.24763917076813158,1,0,0.048259970408529126,0
600,1,2,0.10991863075196406,1,-0.0665101129715015,2,1,-0.010157937452275998,2
601,0,3,0.047418630751964064,0,-0.05217711827044771,0,0,-0.047446852470198066,2
602,0,1,0.047418630751964064,0,0.11234689708397795,0,0,0.019900860679862475,2
603,0,3,0.047418630751964064,0,0.18480931402020495,0,0,-0.04714587411487497,2
604,1,1,0.047418630751964064,0,0.07171557187393705,0,0,-0.011036278956137185,0
605,0,3,0.047418630751964064,0,0.08428154322352237,1,0,-0.03250684905052181,2
606,0,3,0.047418630751964064,0,0.00888571512601044,0,0,-0.047446852470198066,2
607,1,1,0.047418630751964064,0,-0.028812198922745526,0,0,-0.0033263924222445263,2
608,1,2,0.10991863075196406,1,-0.09164205567067216,1,2,0.01829876577681967,0
609,1,1,-0.14008136924803594,1,0.13454542862186367,0,0,0.23668042350782545,2
610,0,3,0.10991863075196406,1,0.12197945727227834,1,5,-0.001813693165594703,2
611,0,3,0.047418630751964064,0,-0.05217711827044771,0,0,-0.049097744123455384,2
612,1,3,-0.14008136924803594,1,-0.05217711827044771,1,0,-0.03260444255095083,1
613,0,3,0.047418630751964064,0,-0.05217711827044771,0,0,-0.047731435117449095,1
614,0,3,0.047418630751964064,0,0.07171557187393705,0,0,-0.04714587411487497,2
615,1,2,-0.14008136924803594,1,-0.0665101129715015,1,2,0.06401312287377998,2
616,0,3,0.047418630751964064,0,0.05914960052435173,1,1,-0.034751499560389296,2
617,0,3,0.10991863075196406,1,-0.04137817027233085,1,0,-0.03143332054580258,2
618,1,2,-0.14008136924803594,1,-0.31782953996320795,2,1,0.013264502650689049,2
619,0,2,0.047418630751964064,0,-0.04137817027233085,0,0,-0.042363792593852936,2
620,0,3,0.047418630751964064,0,-0.028812198922745526,1,0,-0.03464570820592424,0
621,1,1,0.047418630751964064,0,0.15967737132103432,1,0,0.03972053912098979,2
622,1,3,0.047418630751964064,0,-0.1167739983698428,1,1,-0.032132675569876944,0
623,0,3,0.047418630751964064,0,-0.10420802702025747,0,0,-0.047528050262555015,2
624,0,3,0.047418630751964064,0,-0.10420802702025747,0,0,-0.03143332054580258,2
625,0,1,0.047418630751964064,0,0.39843082696315546,0,0,0.00022757248937870043,2
626,0,2,0.23491863075196406,0,0.34816694156481415,0,0,-0.03875283307797916,1
627,1,1,-0.14008136924803594,1,-0.10420802702025747,0,0,0.08930604000596763,2
628,0,3,0.047418630751964064,0,-0.04137817027233085,0,0,-0.047446852470198066,2
629,0,3,0.047418630751964064,0,-0.05217711827044771,0,0,-0.047764031346592385,1
630,1,1,0.047418630751964064,0,0.6371842826052767,0,0,-0.004302327426534736,2
631,0,3,0.047418630751964064,0,0.2727711134673022,0,0,-0.049089546269419346,2
632,1,1,-0.45258136924803594,0,0.03401765782518109,0,0,-0.0033263924222445263,0
633,0,1,0.047418630751964064,0,0.11234689708397795,0,0,-0.06285842768394735,2
634,0,3,-0.14008136924803594,1,-0.2549996832152813,3,2,-0.008401254444553622,2
635,1,2,-0.14008136924803594,1,-0.016246227573160205,0,0,-0.03748411757240189,2
636,0,3,0.047418630751964064,0,0.03401765782518109,0,0,-0.047389857865947516,2
637,0,2,0.047418630751964064,0,0.021451686475595765,1,1,-0.011621839958711314,2
638,0,3,0.10991863075196406,1,0.14711139997144898,0,5,0.014606413281588087,2
639,0,3,0.047418630751964064,0,-0.05217711827044771,1,0,-0.03143332054580258,2
640,0,3,0.047418630751964064,0,-0.1167739983698428,0,0,-0.047528050262555015,2
641,1,1,-0.07758136924803594,1,-0.0665101129715015,0,0,0.07240616391067578,0
642,0,3,-0.14008136924803594,1,-0.34296148266237864,3,2,-0.008401254444553622,2
643,1,3,0.047418630751964064,0,-0.05217711827044771,0,0,0.047414029946810377,2
644,1,3,-0.14008136924803594,1,-0.3586689468493603,2,1,-0.025268729497703042,0
645,1,1,0.047418630751964064,0,0.23507319941854626,1,0,0.08690699657842146,0
646,0,3,0.047418630751964064,0,-0.12933996971942813,0,0,-0.047446852470198066,2
647,1,1,-0.5775813692480359,0,0.33560097021522883,0,0,0.006432957620657576,0
648,0,3,0.047418630751964064,0,-0.05217711827044771,0,0,-0.04812180911916517,2
649,1,3,-0.14008136924803594,1,-0.07907608432108683,0,0,-0.04812180911916517,2
650,0,3,0.047418630751964064,0,-0.05217711827044771,0,0,-0.047446852470198066,2
651,1,2,-0.14008136924803594,1,-0.14190594106901344,0,1,-0.01796541748659768,2
652,0,3,0.047418630751964064,0,-0.10420802702025747,0,0,-0.046397722340586096,2
653,1,3,-0.14008136924803594,1,-0.05217711827044771,0,0,-0.04757684701276952,1
654,0,3,-0.14008136924803594,1,-0.14190594106901344,0,0,-0.04968330512602951,1
655,0,2,0.047418630751964064,0,-0.0665101129715015,2,0,0.08060401794671355,2
656,0,3,0.047418630751964064,0,-0.05217711827044771,0,0,-0.047446852470198066,2
657,0,3,0.10991863075196406,1,0.03401765782518109,1,1,-0.03260444255095083,1
658,0,2,0.047418630751964064,0,-0.07907608432108683,0,0,-0.03748411757240189,2
659,0,1,0.047418630751964064,0,0.36073291291439946,0,2,0.1582396475379998,0
660,1,1,-0.45258136924803594,0,0.2602051421177169,2,0,0.19800899896282587,2
661,0,3,0.047418630751964064,0,0.13454542862186367,0,0,-0.04875616687195381,0
662,0,1,0.047418630751964064,0,0.22250722806896092,0,0,-0.012914953839395844,2
663,0,3,0.047418630751964064,0,0.08428154322352237,0,0,-0.048227600473630235,2
664,1,3,0.047418630751964064,0,-0.1167739983698428,1,0,-0.047389857865947516,2
665,0,2,0.047418630751964064,0,0.03401765782518109,2,0,0.08060401794671355,2
666,0,2,0.047418630751964064,0,-0.05394414162191617,0,0,-0.03748411757240189,2
667,0,3,0.047418630751964064,0,-0.05217711827044771,0,0,-0.04768263836723458,2
668,0,3,0.047418630751964064,0,0.17224334267061964,0,0,-0.04714587411487497,2
669,1,1,0.10991863075196406,1,0.11234689708397795,1,0,0.03863881276223451,2
670,1,2,0.10991863075196406,1,0.13454542862186367,1,1,0.013264502650689049,2
671,0,1,0.047418630751964064,0,0.021451686475595765,1,0,0.03863881276223451,2
672,0,2,0.047418630751964064,0,0.5115245691094235,0,0,-0.042363792593852936,2
673,1,2,0.047418630751964064,0,0.021451686475595765,0,0,-0.03748411757240189,2
674,0,2,0.047418630751964064,0,0.007348017938318415,0,0,-0.06285842768394735,2
675,0,3,0.047418630751964064,0,-0.14190594106901344,0,0,-0.04768263836723458,2
676,0,3,0.047418630751964064,0,-0.060227127296708836,0,0,-0.04714587411487497,2
677,1,3,-0.14008136924803594,1,-0.14190594106901344,0,0,-0.04364870862050143,2
678,0,3,0.10991863075196406,1,0.17224334267061964,1,6,0.02868427571847437,2
679,1,1,0.047418630751964064,0,0.08428154322352237,0,1,0.9371415723160527,0
680,0,3,-0.14008136924803594,1,-0.05217711827044771,0,0,-0.04697508548912418,1
681,1,1,0.047418630751964064,0,-0.028812198922745526,0,0,0.08690699657842146,0
682,0,3,0.047418630751964064,0,-0.1167739983698428,0,0,-0.044852426854792966,2
683,0,3,0.047418630751964064,0,-0.19216982646735473,5,2,0.02868427571847437,2
684,0,2,0.047418630751964064,0,0.38586485561357015,1,1,0.013264502650689049,2
685,0,2,0.047418630751964064,0,-0.05394414162191617,1,2,0.01829876577681967,0
686,0,3,0.047418630751964064,0,-0.19216982646735473,4,1,0.014606413281588087,2
687,0,3,0.047418630751964064,0,-0.12933996971942813,0,0,-0.04300634820067761,2
688,0,3,0.047418630751964064,0,-0.14190594106901344,0,0,-0.04764203947105611,2
689,1,1,-0.14008136924803594,1,-0.1796038551177694,0,1,0.3496449002544173,2
690,1,1,0.047418630751964064,0,0.021451686475595765,1,0,0.04839816280513662,2
691,1,3,-0.14008136924803594,1,-0.31782953996320795,0,1,-0.03667077333982643,0
692,1,3,0.047418630751964064,0,-0.05217711827044771,0,0,0.047414029946810377,2
693,0,3,0.047418630751964064,0,-0.05394414162191617,0,0,-0.04875616687195381,0
694,0,1,-0.5775813692480359,0,0.38586485561357015,0,0,-0.011036278956137185,2
695,0,2,0.047418630751964064,0,0.2853370848168875,0,0,-0.036508182568111676,2
696,0,3,0.047418630751964064,0,0.18480931402020495,0,0,-0.04714587411487497,2
697,1,3,-0.14008136924803594,1,-0.05217711827044771,0,0,-0.047764031346592385,1
698,0,1,0.047418630751964064,0,0.24763917076813158,1,1,0.153571360038478,0
699,0,3,0.047418630751964064,0,0.15967737132103432,0,0,-0.04792662211830714,2
700,1,1,0.10991863075196406,1,-0.14190594106901344,1,0,0.38124079601831284,0
701,1,1,0.047418630751964064,0,0.07171557187393705,0,0,-0.011548644833389545,2
702,0,3,-0.14008136924803594,1,-0.14190594106901344,0,1,-0.03464570820592424,0
703,0,3,0.047418630751964064,0,-0.05394414162191617,0,0,-0.04774763563852031,1
704,0,3,0.047418630751964064,0,-0.04137817027233085,1,0,-0.047528050262555015,2
705,0,2,0.047418630751964064,0,0.12197945727227834,0,0,-0.01210980746085642,2
706,1,2,0.10991863075196406,1,0.1973752853697903,0,0,-0.036508182568111676,2
707,1,1,0.047418630751964064,0,0.15967737132103432,0,0,-0.011548644833389545,2
708,1,1,-0.14008136924803594,1,-0.09164205567067216,0,0,0.23294747211641542,2
709,1,3,-0.20258136924803594,0,-0.05217711827044771,1,1,-0.03310060790713198,0
710,1,1,-0.07758136924803594,1,-0.0665101129715015,0,0,0.033767335594819495,0
711,0,1,0.047418630751964064,0,0.11234689708397795,0,0,-0.011036278956137185,2
712,1,1,0.047418630751964064,0,0.23507319941854626,1,0,0.03863881276223451,2
713,0,3,0.047418630751964064,0,-0.003680256223574882,0,0,-0.04434825883157665,2
714,0,2,0.047418630751964064,0,0.2853370848168875,0,0,-0.03748411757240189,2
715,0,3,0.047418630751964064,0,-0.12933996971942813,0,0,-0.04792662211830714,2
716,1,1,-0.14008136924803594,1,0.10941348592269302,0,0,0.38124079601831284,0
717,1,2,-0.14008136924803594,1,-0.028812198922745526,0,0,-0.042363792593852936,2
718,0,3,0.047418630751964064,0,-0.05217711827044771,0,0,-0.03260444255095083,1
719,0,3,0.047418630751964064,0,0.04658362917476641,0,0,-0.04768263836723458,2
720,1,2,-0.14008136924803594,1,-0.2926975972640373,0,1,0.0015532825992065251,2
721,0,3,0.047418630751964064,0,-0.15447191241859876,1,0,-0.049089546269419346,2
722,0,2,0.047418630751964064,0,0.05914960052435173,0,0,-0.03748411757240189,2
723,0,2,0.047418630751964064,0,0.2602051421177169,0,0,-0.03748411757240189,2
724,1,1,0.047418630751964064,0,-0.028812198922745526,1,0,0.04078586977167298,2
725,0,3,0.047418630751964064,0,-0.1167739983698428,0,0,-0.045950353734619455,2
726,1,2,0.10991863075196406,1,0.00888571512601044,3,0,-0.02186915750375852,2
727,1,3,-0.14008136924803594,1,-0.05217711827044771,0,0,-0.04775583349255635,1
728,0,2,0.047418630751964064,0,-0.05394414162191617,1,0,-0.01210980746085642,2
729,0,3,-0.14008136924803594,1,-0.05394414162191617,1,0,-0.047389857865947516,2
730,1,1,-0.14008136924803594,1,-0.003680256223574882,0,0,0.3496449002544173,2
731,0,3,0.047418630751964064,0,-0.2298677405161107,0,0,-0.0261876698977427,0
732,0,2,0.047418630751964064,0,0.007348017938318415,0,0,-0.06285842768394735,2
733,0,2,0.047418630751964064,0,-0.07907608432108683,0,0,-0.03748411757240189,2
734,0,2,0.047418630751964064,0,-0.07907608432108683,0,0,-0.03748411757240189,2
735,0,3,0.047418630751964064,0,-0.009963241898367545,0,0,-0.03143332054580258,2
736,0,3,0.10991863075196406,1,0.23507319941854626,1,3,0.004237103861004603,2
737,1,1,0.047418630751964064,0,0.07171557187393705,0,0,0.9371415723160527,0
738,0,3,0.047418630751964064,0,-0.05217711827044771,0,0,-0.047446852470198066,2
739,0,3,0.047418630751964064,0,-0.05217711827044771,0,0,-0.047446852470198066,2
740,1,1,0.047418630751964064,0,0.11234689708397795,0,0,-0.004302327426534736,2
741,0,1,0.047418630751964064,0,0.08428154322352237,1,0,0.0910465224926188,2
742,1,1,-0.14008136924803594,1,-0.10420802702025747,2,2,0.4492634658173405,0
743,0,3,0.047418630751964064,0,-0.0665101129715015,1,0,-0.03143332054580258,2
744,1,3,0.047418630751964064,0,0.021451686475595765,0,0,-0.047389857865947516,2
745,0,1,-0.6400813692480359,0,0.5115245691094235,1,1,0.0757243429252625,2
746,0,3,0.047418630751964064,0,-0.1670378837681841,1,1,-0.023333060010193835,2
747,1,2,-0.14008136924803594,1,0.00888571512601044,0,0,-0.03748411757240189,2
748,0,1,0.047418630751964064,0,-0.12933996971942813,1,0,0.04078586977167298,2
749,0,3,0.047418630751964064,0,0.021451686475595765,0,0,-0.047731435117449095,1
750,1,2,-0.14008136924803594,1,-0.31782953996320795,1,1,-0.01796541748659768,2
751,1,3,-0.20258136924803594,0,-0.2926975972640373,0,1,-0.038508849326906604,2
752,0,3,0.047418630751964064,0,0.04658362917476641,0,0,-0.04431566260243336,2
753,0,3,0.047418630751964064,0,-0.07907608432108683,0,0,-0.047446852470198066,2
754,1,2,0.10991863075196406,1,0.23507319941854626,1,2,0.06401312287377998,2
755,1,2,-0.20258136924803594,0,-0.35967422455732706,1,1,-0.03455631255953125,2
756,0,3,0.047418630751964064,0,-0.016246227573160205,0,0,-0.04764203947105611,2
757,0,2,0.047418630751964064,0,-0.14190594106901344,0,0,-0.040411922585272514,2
758,0,3,0.047418630751964064,0,0.05914960052435173,0,0,-0.04714587411487497,2
759,1,1,0.35991863075196406,1,0.04658362917476641,0,0,0.10597832805825902,2
760,0,3,0.047418630751964064,0,-0.05217711827044771,0,0,-0.03455631255953125,2
761,0,3,0.047418630751964064,0,0.14711139997144898,0,0,-0.048951353872811854,2
762,1,3,0.047418630751964064,0,-0.1167739983698428,0,0,-0.04874796901791778,0
763,1,1,0.10991863075196406,1,0.08428154322352237,1,2,0.1713659733457031,2
764,0,3,0.047418630751964064,0,-0.1670378837681841,0,0,-0.04768263836723458,2
765,1,1,0.10991863075196406,1,0.2727711134673022,1,0,0.08930604000596763,2
766,0,1,-0.45258136924803594,0,0.11234689708397795,0,0,0.014435624655837304,0
767,0,3,-0.14008136924803594,1,0.015168700800803101,0,0,-0.047731435117449095,1
768,0,3,0.047418630751964064,0,-0.05217711827044771,1,0,-0.0157207669767302,1
769,0,3,0.047418630751964064,0,0.03401765782518109,0,0,-0.04653591473719358,2
770,0,3,0.047418630751964064,0,-0.0665101129715015,0,0,-0.04431566260243336,2
771,0,3,0.047418630751964064,0,0.23507319941854626,0,0,-0.047528050262555015,2
772,0,2,0.10991863075196406,1,0.34816694156481415,0,0,-0.042363792593852936,2
773,0,3,0.047418630751964064,0,-0.05217711827044771,0,0,-0.04875616687195381,0
774,1,2,0.10991863075196406,1,0.3104690275160582,1,3,-0.01796541748659768,2
775,0,3,0.047418630751964064,0,-0.14190594106901344,0,0,-0.047731435117449095,2
776,0,3,0.047418630751964064,0,-0.05217711827044771,0,0,-0.047731435117449095,1
777,1,3,-0.14008136924803594,1,-0.30526356861362264,0,0,-0.038508849326906604,2
778,0,3,0.047418630751964064,0,-0.05217711827044771,0,0,-0.04775583349255635,1
779,1,1,0.10991863075196406,1,0.17224334267061964,0,1,0.3496449002544173,2
780,1,3,-0.14008136924803594,1,-0.20473579781694007,0,0,-0.04874796901791778,0
781,1,1,0.10991863075196406,1,-0.15447191241859876,1,0,0.04839816280513662,2
782,0,1,0.047418630751964064,0,-0.003680256223574882,0,0,-0.004302327426534736,2
783,0,3,0.047418630751964064,0,-0.05217711827044771,1,2,-0.017087075982736493,2
784,0,3,0.047418630751964064,0,-0.05394414162191617,0,0,-0.049097744123455384,2
785,0,3,0.047418630751964064,0,-0.05394414162191617,0,0,-0.048707370121739306,2
786,1,3,-0.14008136924803594,1,-0.14190594106901344,0,0,-0.048227600473630235,2
787,0,3,-0.20258136924803594,0,-0.2675656545648667,4,1,-0.006010213684042604,1
788,1,3,-0.20258136924803594,0,-0.35552745401196395,1,2,-0.022698702257405202,2
789,0,1,0.047418630751964064,0,0.2099412567193756,0,0,0.09172967699562196,0
790,0,3,0.047418630751964064,0,-0.05217711827044771,0,0,-0.047731435117449095,1
791,0,2,0.047418630751964064,0,-0.1670378837681841,0,0,-0.01210980746085642,2
792,0,3,-0.14008136924803594,1,-0.05217711827044771,8,2,0.07289413141282089,2
793,0,1,0.047418630751964064,0,0.11234689708397795,0,0,-0.002944216274564483,0
794,0,3,0.047418630751964064,0,-0.05394414162191617,0,0,-0.047446852470198066,2
795,0,2,0.047418630751964064,0,0.12197945727227834,0,0,-0.03748411757240189,2
796,1,1,-0.45258136924803594,1,0.24763917076813158,0,0,-0.01224799985746391,2
797,1,3,0.10991863075196406,1,0.021451686475595765,0,0,-0.04590975483844099,2
798,0,3,0.047418630751964064,0,0.00888571512601044,0,0,-0.04874796901791778,0
799,0,3,0.10991863075196406,1,0.00888571512601044,1,1,-0.0157207669767302,2
800,0,2,0.047418630751964064,0,0.05914960052435173,0,0,-0.03748411757240189,2
801,1,2,0.10991863075196406,1,0.021451686475595765,1,1,-0.011621839958711314,2
802,1,1,-0.20258136924803594,0,-0.2298677405161107,1,2,0.1713659733457031,2
803,1,3,-0.20258136924803594,0,-0.3628157173947234,0,1,-0.046234936381870484,0
804,1,3,0.047418630751964064,0,-0.028812198922745526,0,0,-0.049244134374098913,2
805,0,3,0.047418630751964064,0,0.021451686475595765,0,0,-0.04768263836723458,2
806,0,1,0.047418630751964064,0,0.12197945727227834,0,0,-0.06285842768394735,2
807,0,3,-0.14008136924803594,1,-0.14190594106901344,0,0,-0.04768263836723458,2
808,0,2,0.047418630751964064,0,0.12197945727227834,0,0,-0.03748411757240189,2
809,1,1,0.10991863075196406,1,0.04658362917476641,1,0,0.04078586977167298,2
810,0,3,0.047418630751964064,0,-0.04137817027233085,0,0,-0.04746305299126929,2
811,0,3,0.047418630751964064,0,0.12197945727227834,0,0,-0.0157207669767302,2
812,0,2,0.047418630751964064,0,0.07171557187393705,0,0,-0.042363792593852936,2
813,0,3,-0.14008136924803594,1,-0.2926975972640373,4,2,-0.001813693165594703,2
814,0,3,0.047418630751964064,0,0.015168700800803101,0,0,-0.04714587411487497,2
815,0,1,0.047418630751964064,0,0.11234689708397795,0,0,-0.06285842768394735,2
816,0,3,-0.14008136924803594,1,-0.07907608432108683,0,0,-0.047389857865947516,2
817,0,2,0.047418630751964064,0,0.021451686475595765,1,1,0.00936896048756424,0
818,0,3,0.047418630751964064,0,0.17224334267061964,0,0,-0.050268866128603644,2
819,0,3,-0.20258136924803594,0,-0.24243371186569604,3,2,-0.008401254444553622,2
820,1,1,0.10991863075196406,1,0.2853370848168875,1,1,0.11964141811832196,2
821,1,3,0.047418630751964064,0,-0.028812198922745526,0,0,-0.045950353734619455,2
822,0,1,-0.39008136924803594,0,0.10941348592269302,0,0,-0.06285842768394735,2
823,1,3,0.10991863075196406,1,-0.028812198922745526,0,1,-0.038508849326906604,2
824,0,3,-0.20258136924803594,0,-0.34296148266237864,4,1,0.014606413281588087,2
825,0,3,0.047418630751964064,0,-0.05217711827044771,0,0,-0.04929293112431343,1
826,0,3,0.047418630751964064,0,-0.05217711827044771,0,0,0.047414029946810377,2
827,1,2,-0.20258136924803594,0,-0.35552745401196395,0,2,0.00936896048756424,0
828,1,3,0.047418630751964064,0,-0.05217711827044771,0,0,-0.047731435117449095,1
829,1,1,0.10991863075196406,1,0.41099679831274083,0,0,0.0932911730024863,2
830,1,3,0.10991863075196406,1,-0.1796038551177694,1,0,-0.03464570820592424,0
831,1,2,-0.20258136924803594,0,-0.35766366914139347,1,1,-0.02626086502306447,2
832,0,3,0.047418630751964064,0,-0.05217711827044771,0,0,-0.04874796901791778,0
833,0,3,0.047418630751964064,0,-0.07907608432108683,0,0,-0.047528050262555015,2
834,0,3,0.047418630751964064,0,-0.14190594106901344,0,0,-0.04665790661272986,2
835,1,1,-0.14008136924803594,1,0.12197945727227834,1,1,0.09945576405058583,0
836,0,3,0.047418630751964064,0,-0.10420802702025747,0,0,-0.045950353734619455,2
837,0,3,0.047418630751964064,0,-0.05217711827044771,0,0,-0.04714587411487497,2
838,1,3,0.047418630751964064,0,0.03401765782518109,0,0,0.047414029946810377,2
839,1,1,0.047418630751964064,0,0.11234689708397795,0,0,-0.004887888429108864,0
840,0,3,0.047418630751964064,0,-0.1167739983698428,0,0,-0.047389857865947516,2
841,0,2,0.047418630751964064,0,-0.1670378837681841,0,0,-0.042363792593852936,2
842,1,1,-0.14008136924803594,1,0.00888571512601044,0,0,-0.002350457417954316,0
843,0,3,0.047418630751964064,0,0.0654325861991444,0,0,-0.0502932645037109,0
844,0,3,0.047418630751964064,0,-0.15447191241859876,0,0,-0.045950353734619455,2
845,0,3,0.047418630751964064,0,0.15967737132103432,0,0,-0.04812180911916517,2
846,0,3,0.047418630751964064,0,-0.05217711827044771,8,2,0.07289413141282089,2
847,0,3,0.047418630751964064,0,0.07171557187393705,0,0,-0.047446852470198066,0
848,0,2,0.23491863075196406,0,-0.016246227573160205,0,1,0.0015532825992065251,2
849,1,1,0.10991863075196406,1,0.11234689708397795,1,0,0.11106138793460417,0
850,0,3,-0.20258136924803594,0,-0.31782953996320795,4,2,-0.001813693165594703,2
851,0,3,0.047418630751964064,0,0.5617884545077647,0,0,-0.04768263836723458,2
852,0,3,-0.14008136924803594,1,-0.2549996832152813,1,1,-0.03310060790713198,0
853,1,1,-0.14008136924803594,1,-0.1670378837681841,0,1,0.014045250654121214,2
854,0,2,0.10991863075196406,1,0.18480931402020495,1,0,-0.01210980746085642,2
855,1,3,0.10991863075196406,1,-0.14190594106901344,0,1,-0.04460844310372042,2
856,1,1,0.10991863075196406,1,0.1973752853697903,1,1,0.2589399394596783,2
857,1,1,0.047418630751964064,0,0.2727711134673022,0,0,-0.011036278956137185,2
858,1,3,0.10991863075196406,1,-0.0665101129715015,0,3,-0.025268729497703042,0
859,0,3,0.047418630751964064,0,-0.05217711827044771,0,0,-0.04874796901791778,0
860,0,3,0.047418630751964064,0,0.14711139997144898,2,0,-0.03532086004189221,2
861,0,2,0.047418630751964064,0,-0.10420802702025747,1,0,-0.040411922585272514,2
862,1,1,0.10991863075196406,1,0.23507319941854626,0,0,-0.01224799985746391,2
863,0,3,-0.14008136924803594,1,-0.05217711827044771,8,2,0.07289413141282089,2
864,0,2,0.047418630751964064,0,-0.0665101129715015,0,0,-0.03748411757240189,2
865,1,2,0.10991863075196406,1,0.15967737132103432,0,0,-0.03748411757240189,2
866,1,2,-0.14008136924803594,1,-0.028812198922745526,1,0,-0.03580882754403731,0
867,0,1,0.047418630751964064,0,0.021451686475595765,0,0,0.03570280989532785,2
868,0,3,0.047418630751964064,0,-0.05217711827044771,0,0,-0.04431566260243336,2
869,1,3,-0.20258136924803594,0,-0.31782953996320795,1,1,-0.041127673317418956,2
870,0,3,0.047418630751964064,0,-0.04137817027233085,0,0,-0.047446852470198066,2
871,1,1,0.10991863075196406,1,0.22250722806896092,1,1,0.03972053912098979,2
872,0,1,0.047418630751964064,0,0.04658362917476641,0,0,-0.053099077641045246,2
873,0,3,0.047418630751964064,0,0.22250722806896092,0,0,-0.04529159760672357,2
874,1,2,0.10991863075196406,1,-0.016246227573160205,1,0,-0.01601354747801726,0
875,1,3,-0.14008136924803594,1,-0.1796038551177694,0,0,-0.04875616687195381,0
876,0,3,0.047418630751964064,0,-0.1167739983698428,0,0,-0.043640705953466245,2
877,0,3,0.047418630751964064,0,-0.12933996971942813,0,0,-0.047446852470198066,2
878,0,3,0.047418630751964064,0,-0.05217711827044771,0,0,-0.047446852470198066,2
879,1,1,0.10991863075196406,1,0.33560097021522883,0,1,0.09945576405058583,0
880,1,2,0.10991863075196406,1,-0.05394414162191617,0,1,-0.01210980746085642,2
881,0,3,0.047418630751964064,0,0.04658362917476641,0,0,-0.047446852470198066,2
882,0,3,-0.14008136924803594,1,-0.09164205567067216,0,0,-0.042331196364709646,2
883,0,2,0.047418630751964064,0,-0.016246227573160205,0,0,-0.042363792593852936,2
884,0,3,0.047418630751964064,0,-0.05394414162191617,0,0,-0.049097744123455384,2
885,0,3,0.10991863075196406,1,0.12197945727227834,0,5,-0.006010213684042604,1
886,0,2,0.23491863075196406,0,-0.028812198922745526,0,0,-0.03748411757240189,2
887,1,1,-0.14008136924803594,1,-0.12933996971942813,0,0,-0.004302327426534736,2
888,0,3,-0.14008136924803594,1,-0.05217711827044771,1,2,-0.017087075982736493,2
889,1,1,0.047418630751964064,0,-0.04137817027233085,0,0,-0.004302327426534736,0
890,0,3,0.047418630751964064,0,0.03401765782518109,0,0,-0.047731435117449095,1
